<?xml version="1.0" encoding="UTF-8" standalone="no"?>
<?xml-stylesheet type="text/xsl" href="vplank.xsl"?>
<vp>
  <kopf>
    <datei>Vertretungsplan Schüler2016-08-15.xml</datei>
    <titel>Montag, 15. August 2016 (B-Woche) </titel>
    <schulname>Oberschule Bergstadt Schneeberg</schulname>
    <datum>15.08.2016, 12:54</datum>
    <kopfinfo>
      <abwesendl>Frau Hammermeister, Herr Helm, Herr Siegert</abwesendl>
      <aenderungl>Herr Erler, Frau Krauß, Herr Schiller, Frau Stavenow, Herr Tröger</aenderungl>
      <aenderungk>6a, 6b, 6c, 7a, 8a</aenderungk>
    </kopfinfo>
  </kopf>
  <freietage>
    <ft>160801</ft>
    <ft>160802</ft>
    <ft>160803</ft>
    <ft>160804</ft>
    <ft>160805</ft>
    <ft>161003</ft>
    <ft>161004</ft>
    <ft>161005</ft>
    <ft>161006</ft>
    <ft>161007</ft>
    <ft>161010</ft>
    <ft>161011</ft>
    <ft>161012</ft>
    <ft>161013</ft>
    <ft>161014</ft>
    <ft>161031</ft>
    <ft>161116</ft>
    <ft>161222</ft>
    <ft>161223</ft>
    <ft>161226</ft>
    <ft>161227</ft>
    <ft>161228</ft>
    <ft>161229</ft>
    <ft>161230</ft>
    <ft>170102</ft>
    <ft>170213</ft>
    <ft>170214</ft>
    <ft>170215</ft>
    <ft>170216</ft>
    <ft>170217</ft>
    <ft>170220</ft>
    <ft>170221</ft>
    <ft>170222</ft>
    <ft>170223</ft>
    <ft>170224</ft>
    <ft>170413</ft>
    <ft>170414</ft>
    <ft>170417</ft>
    <ft>170418</ft>
    <ft>170419</ft>
    <ft>170420</ft>
    <ft>170421</ft>
    <ft>170424</ft>
    <ft>170501</ft>
    <ft>170525</ft>
    <ft>170526</ft>
    <ft>170605</ft>
    <ft>170626</ft>
    <ft>170627</ft>
    <ft>170628</ft>
    <ft>170629</ft>
    <ft>170630</ft>
    <ft>170703</ft>
    <ft>170704</ft>
    <ft>170705</ft>
    <ft>170706</ft>
    <ft>170707</ft>
    <ft>170710</ft>
    <ft>170711</ft>
    <ft>170712</ft>
    <ft>170713</ft>
    <ft>170714</ft>
    <ft>170717</ft>
    <ft>170718</ft>
    <ft>170719</ft>
    <ft>170720</ft>
    <ft>170721</ft>
    <ft>170724</ft>
    <ft>170725</ft>
    <ft>170726</ft>
    <ft>170727</ft>
    <ft>170728</ft>
    <ft>170731</ft>
  </freietage>
  <haupt>
    <aktion>
      <klasse>7a</klasse>
      <stunde>2</stunde>
      <fach>GEO</fach>
      <lehrer>Herr Schiller</lehrer>
      <raum rageaendert="ae">203Bi</raum>
      <info>verlegt von St.7; DE Herr Siegert fällt aus</info>
    </aktion>
    <aktion>
      <klasse>7a</klasse>
      <stunde>3</stunde>
      <fach fageaendert="ae">BIO</fach>
      <lehrer legeaendert="ae">Herr Erler</lehrer>
      <raum>204</raum>
      <info>für DE Herr Siegert </info>
    </aktion>
    <aktion>
      <klasse>6c</klasse>
      <stunde>5</stunde>
      <fach fageaendert="ae">GEO</fach>
      <lehrer legeaendert="ae">Herr Schiller</lehrer>
      <raum>110</raum>
      <info>für DE Herr Siegert </info>
    </aktion>
    <aktion>
      <klasse>7a</klasse>
      <stunde>6</stunde>
      <fach fageaendert="ae">DE</fach>
      <lehrer legeaendert="ae">Herr Tröger</lehrer>
      <raum>105Ku</raum>
      <info>für KU Herr Siegert </info>
    </aktion>
    <aktion>
      <klasse>6b</klasse>
      <stunde>7</stunde>
      <fach>---</fach>
      <lehrer></lehrer>
      <raum></raum>
      <info>MU Frau Stavenow gehalten am Fr (12.08.) St.5</info>
    </aktion>
    <aktion>
      <klasse>7a</klasse>
      <stunde>7</stunde>
      <fach>---</fach>
      <lehrer></lehrer>
      <raum rageaendert="ae"></raum>
      <info>GEO Herr Schiller verlegt nach St.2</info>
    </aktion>
    <aktion>
      <klasse>8a</klasse>
      <stunde>7</stunde>
      <fach fageaendert="ae">---</fach>
      <lehrer legeaendert="ae"></lehrer>
      <raum rageaendert="ae"></raum>
      <info>KU Herr Siegert fällt aus</info>
    </aktion>
    <aktion>
      <klasse>6a/ 6aFöEn</klasse>
      <stunde>8</stunde>
      <fach fageaendert="ae">---</fach>
      <lehrer legeaendert="ae"></lehrer>
      <raum></raum>
      <info>6aFöEn Herr Erler fällt aus</info>
    </aktion>
    <aktion>
      <klasse>6b/ FöMa</klasse>
      <stunde>8</stunde>
      <fach fageaendert="ae">---</fach>
      <lehrer legeaendert="ae"></lehrer>
      <raum rageaendert="ae"></raum>
      <info>FöMa Frau Krauß fällt aus</info>
    </aktion>
  </haupt>
</vp>
